spend_id,week_start,week_end,channel,spend_brl,impressions,clicks,week_number
SPD-0001-PAID_S,2023-01-01,2023-01-07,paid_search,1190.06,2317,86,1
SPD-0001-LINKED,2023-01-01,2023-01-07,linkedin_ads,825.65,1055,31,1
SPD-0001-META_A,2023-01-01,2023-01-07,meta_ads,573.15,4884,176,1
SPD-0001-EMAIL_,2023-01-01,2023-01-07,email_marketing,99.76,7862,239,1
SPD-0001-WEBINA,2023-01-01,2023-01-07,webinar_evento,331.11,723,12,1
SPD-0001-ORGANI,2023-01-01,2023-01-07,organic_search,0.0,0,0,1
SPD-0001-DIRECT,2023-01-01,2023-01-07,direct,0.0,0,0,1
SPD-0002-PAID_S,2023-01-08,2023-01-14,paid_search,1085.93,3249,80,2
SPD-0002-LINKED,2023-01-08,2023-01-14,linkedin_ads,794.36,1025,42,2
SPD-0002-META_A,2023-01-08,2023-01-14,meta_ads,541.67,10769,131,2
SPD-0002-EMAIL_,2023-01-08,2023-01-14,email_marketing,87.63,27556,595,2
SPD-0002-WEBINA,2023-01-08,2023-01-14,webinar_evento,274.13,477,10,2
SPD-0002-ORGANI,2023-01-08,2023-01-14,organic_search,0.0,0,0,2
SPD-0002-DIRECT,2023-01-08,2023-01-14,direct,0.0,0,0,2
SPD-0003-PAID_S,2023-01-15,2023-01-21,paid_search,3336.04,31266,388,3
SPD-0003-LINKED,2023-01-15,2023-01-21,linkedin_ads,2359.41,5745,194,3
SPD-0003-META_A,2023-01-15,2023-01-21,meta_ads,2166.31,44725,517,3
SPD-0003-EMAIL_,2023-01-15,2023-01-21,email_marketing,414.27,20888,529,3
SPD-0003-WEBINA,2023-01-15,2023-01-21,webinar_evento,778.89,367,16,3
SPD-0003-ORGANI,2023-01-15,2023-01-21,organic_search,0.0,0,0,3
SPD-0003-DIRECT,2023-01-15,2023-01-21,direct,0.0,0,0,3
SPD-0004-PAID_S,2023-01-22,2023-01-28,paid_search,4620.47,12025,368,4
SPD-0004-LINKED,2023-01-22,2023-01-28,linkedin_ads,3301.16,16920,229,4
SPD-0004-META_A,2023-01-22,2023-01-28,meta_ads,2092.05,49725,1103,4
SPD-0004-EMAIL_,2023-01-22,2023-01-28,email_marketing,316.14,130589,1169,4
SPD-0004-WEBINA,2023-01-22,2023-01-28,webinar_evento,948.27,985,28,4
SPD-0004-ORGANI,2023-01-22,2023-01-28,organic_search,0.0,0,0,4
SPD-0004-DIRECT,2023-01-22,2023-01-28,direct,0.0,0,0,4
SPD-0005-PAID_S,2023-01-29,2023-02-04,paid_search,3831.98,7463,223,5
SPD-0005-LINKED,2023-01-29,2023-02-04,linkedin_ads,3282.63,17192,139,5
SPD-0005-META_A,2023-01-29,2023-02-04,meta_ads,2055.44,39028,397,5
SPD-0005-EMAIL_,2023-01-29,2023-02-04,email_marketing,363.79,48237,646,5
SPD-0005-WEBINA,2023-01-29,2023-02-04,webinar_evento,943.2,4181,36,5
SPD-0005-ORGANI,2023-01-29,2023-02-04,organic_search,0.0,0,0,5
SPD-0005-DIRECT,2023-01-29,2023-02-04,direct,0.0,0,0,5
SPD-0006-PAID_S,2023-02-05,2023-02-11,paid_search,1668.5,4225,156,6
SPD-0006-LINKED,2023-02-05,2023-02-11,linkedin_ads,1056.46,950,23,6
SPD-0006-META_A,2023-02-05,2023-02-11,meta_ads,627.91,7902,246,6
SPD-0006-EMAIL_,2023-02-05,2023-02-11,email_marketing,120.57,9296,197,6
SPD-0006-WEBINA,2023-02-05,2023-02-11,webinar_evento,275.58,129,5,6
SPD-0006-ORGANI,2023-02-05,2023-02-11,organic_search,0.0,0,0,6
SPD-0006-DIRECT,2023-02-05,2023-02-11,direct,0.0,0,0,6
SPD-0007-PAID_S,2023-02-12,2023-02-18,paid_search,1368.25,3852,101,7
SPD-0007-LINKED,2023-02-12,2023-02-18,linkedin_ads,1071.23,1545,43,7
SPD-0007-META_A,2023-02-12,2023-02-18,meta_ads,532.28,7041,260,7
SPD-0007-EMAIL_,2023-02-12,2023-02-18,email_marketing,115.5,65270,927,7
SPD-0007-WEBINA,2023-02-12,2023-02-18,webinar_evento,311.89,279,6,7
SPD-0007-ORGANI,2023-02-12,2023-02-18,organic_search,0.0,0,0,7
SPD-0007-DIRECT,2023-02-12,2023-02-18,direct,0.0,0,0,7
SPD-0008-PAID_S,2023-02-19,2023-02-25,paid_search,4564.74,13868,286,8
SPD-0008-LINKED,2023-02-19,2023-02-25,linkedin_ads,3104.34,8174,191,8
SPD-0008-META_A,2023-02-19,2023-02-25,meta_ads,1550.16,102719,1067,8
SPD-0008-EMAIL_,2023-02-19,2023-02-25,email_marketing,291.65,15115,425,8
SPD-0008-WEBINA,2023-02-19,2023-02-25,webinar_evento,1089.1,863,27,8
SPD-0008-ORGANI,2023-02-19,2023-02-25,organic_search,0.0,0,0,8
SPD-0008-DIRECT,2023-02-19,2023-02-25,direct,0.0,0,0,8
SPD-0009-PAID_S,2023-02-26,2023-03-04,paid_search,3632.4,14378,320,9
SPD-0009-LINKED,2023-02-26,2023-03-04,linkedin_ads,3249.63,4887,75,9
SPD-0009-META_A,2023-02-26,2023-03-04,meta_ads,1936.36,15756,454,9
SPD-0009-EMAIL_,2023-02-26,2023-03-04,email_marketing,294.36,14028,527,9
SPD-0009-WEBINA,2023-02-26,2023-03-04,webinar_evento,866.6,1788,22,9
SPD-0009-ORGANI,2023-02-26,2023-03-04,organic_search,0.0,0,0,9
SPD-0009-DIRECT,2023-02-26,2023-03-04,direct,0.0,0,0,9
SPD-0010-PAID_S,2023-03-05,2023-03-11,paid_search,5604.18,70082,1101,10
SPD-0010-LINKED,2023-03-05,2023-03-11,linkedin_ads,2930.16,2181,74,10
SPD-0010-META_A,2023-03-05,2023-03-11,meta_ads,1705.73,22905,819,10
SPD-0010-EMAIL_,2023-03-05,2023-03-11,email_marketing,383.06,74109,3236,10
SPD-0010-WEBINA,2023-03-05,2023-03-11,webinar_evento,914.15,1396,24,10
SPD-0010-ORGANI,2023-03-05,2023-03-11,organic_search,0.0,0,0,10
SPD-0010-DIRECT,2023-03-05,2023-03-11,direct,0.0,0,0,10
SPD-0011-PAID_S,2023-03-12,2023-03-18,paid_search,5234.7,15596,354,11
SPD-0011-LINKED,2023-03-12,2023-03-18,linkedin_ads,3389.06,2097,80,11
SPD-0011-META_A,2023-03-12,2023-03-18,meta_ads,2052.38,15141,618,11
SPD-0011-EMAIL_,2023-03-12,2023-03-18,email_marketing,324.18,179001,2795,11
SPD-0011-WEBINA,2023-03-12,2023-03-18,webinar_evento,1201.58,2910,54,11
SPD-0011-ORGANI,2023-03-12,2023-03-18,organic_search,0.0,0,0,11
SPD-0011-DIRECT,2023-03-12,2023-03-18,direct,0.0,0,0,11
SPD-0012-PAID_S,2023-03-19,2023-03-25,paid_search,5027.41,42362,814,12
SPD-0012-LINKED,2023-03-19,2023-03-25,linkedin_ads,3144.89,3600,161,12
SPD-0012-META_A,2023-03-19,2023-03-25,meta_ads,1838.68,13704,348,12
SPD-0012-EMAIL_,2023-03-19,2023-03-25,email_marketing,339.28,69933,1854,12
SPD-0012-WEBINA,2023-03-19,2023-03-25,webinar_evento,1000.11,896,39,12
SPD-0012-ORGANI,2023-03-19,2023-03-25,organic_search,0.0,0,0,12
SPD-0012-DIRECT,2023-03-19,2023-03-25,direct,0.0,0,0,12
SPD-0013-PAID_S,2023-03-26,2023-04-01,paid_search,4710.57,19690,277,13
SPD-0013-LINKED,2023-03-26,2023-04-01,linkedin_ads,2783.54,4837,87,13
SPD-0013-META_A,2023-03-26,2023-04-01,meta_ads,1856.94,103677,1122,13
SPD-0013-EMAIL_,2023-03-26,2023-04-01,email_marketing,438.73,33347,1474,13
SPD-0013-WEBINA,2023-03-26,2023-04-01,webinar_evento,927.7,1325,29,13
SPD-0013-ORGANI,2023-03-26,2023-04-01,organic_search,0.0,0,0,13
SPD-0013-DIRECT,2023-03-26,2023-04-01,direct,0.0,0,0,13
SPD-0014-PAID_S,2023-04-02,2023-04-08,paid_search,4157.3,6608,257,14
SPD-0014-LINKED,2023-04-02,2023-04-08,linkedin_ads,2228.13,2251,87,14
SPD-0014-META_A,2023-04-02,2023-04-08,meta_ads,1478.21,22271,392,14
SPD-0014-EMAIL_,2023-04-02,2023-04-08,email_marketing,334.33,37697,848,14
SPD-0014-WEBINA,2023-04-02,2023-04-08,webinar_evento,1068.62,651,27,14
SPD-0014-ORGANI,2023-04-02,2023-04-08,organic_search,0.0,0,0,14
SPD-0014-DIRECT,2023-04-02,2023-04-08,direct,0.0,0,0,14
SPD-0015-PAID_S,2023-04-09,2023-04-15,paid_search,4534.08,20067,527,15
SPD-0015-LINKED,2023-04-09,2023-04-15,linkedin_ads,2649.27,4484,67,15
SPD-0015-META_A,2023-04-09,2023-04-15,meta_ads,2170.1,17757,544,15
SPD-0015-EMAIL_,2023-04-09,2023-04-15,email_marketing,348.75,21832,714,15
SPD-0015-WEBINA,2023-04-09,2023-04-15,webinar_evento,981.08,1319,39,15
SPD-0015-ORGANI,2023-04-09,2023-04-15,organic_search,0.0,0,0,15
SPD-0015-DIRECT,2023-04-09,2023-04-15,direct,0.0,0,0,15
SPD-0016-PAID_S,2023-04-16,2023-04-22,paid_search,3915.31,10859,307,16
SPD-0016-LINKED,2023-04-16,2023-04-22,linkedin_ads,2416.27,2649,66,16
SPD-0016-META_A,2023-04-16,2023-04-22,meta_ads,1885.59,13216,425,16
SPD-0016-EMAIL_,2023-04-16,2023-04-22,email_marketing,380.91,128760,1556,16
SPD-0016-WEBINA,2023-04-16,2023-04-22,webinar_evento,986.3,3104,38,16
SPD-0016-ORGANI,2023-04-16,2023-04-22,organic_search,0.0,0,0,16
SPD-0016-DIRECT,2023-04-16,2023-04-22,direct,0.0,0,0,16
SPD-0017-PAID_S,2023-04-23,2023-04-29,paid_search,3543.86,9866,441,17
SPD-0017-LINKED,2023-04-23,2023-04-29,linkedin_ads,2391.42,2591,109,17
SPD-0017-META_A,2023-04-23,2023-04-29,meta_ads,2189.97,23461,952,17
SPD-0017-EMAIL_,2023-04-23,2023-04-29,email_marketing,296.39,55180,468,17
SPD-0017-WEBINA,2023-04-23,2023-04-29,webinar_evento,889.28,998,34,17
SPD-0017-ORGANI,2023-04-23,2023-04-29,organic_search,0.0,0,0,17
SPD-0017-DIRECT,2023-04-23,2023-04-29,direct,0.0,0,0,17
SPD-0018-PAID_S,2023-04-30,2023-05-06,paid_search,3352.33,9680,327,18
SPD-0018-LINKED,2023-04-30,2023-05-06,linkedin_ads,2268.86,2527,54,18
SPD-0018-META_A,2023-04-30,2023-05-06,meta_ads,1600.2,34129,701,18
SPD-0018-EMAIL_,2023-04-30,2023-05-06,email_marketing,304.62,21165,665,18
SPD-0018-WEBINA,2023-04-30,2023-05-06,webinar_evento,899.19,704,26,18
SPD-0018-ORGANI,2023-04-30,2023-05-06,organic_search,0.0,0,0,18
SPD-0018-DIRECT,2023-04-30,2023-05-06,direct,0.0,0,0,18
SPD-0019-PAID_S,2023-05-07,2023-05-13,paid_search,3826.17,7432,305,19
SPD-0019-LINKED,2023-05-07,2023-05-13,linkedin_ads,2462.65,1741,75,19
SPD-0019-META_A,2023-05-07,2023-05-13,meta_ads,1869.59,16280,317,19
SPD-0019-EMAIL_,2023-05-07,2023-05-13,email_marketing,355.33,137386,1118,19
SPD-0019-WEBINA,2023-05-07,2023-05-13,webinar_evento,1107.55,954,42,19
SPD-0019-ORGANI,2023-05-07,2023-05-13,organic_search,0.0,0,0,19
SPD-0019-DIRECT,2023-05-07,2023-05-13,direct,0.0,0,0,19
SPD-0020-PAID_S,2023-05-14,2023-05-20,paid_search,4411.51,6052,265,20
SPD-0020-LINKED,2023-05-14,2023-05-20,linkedin_ads,2846.55,1731,63,20
SPD-0020-META_A,2023-05-14,2023-05-20,meta_ads,1865.17,28245,429,20
SPD-0020-EMAIL_,2023-05-14,2023-05-20,email_marketing,278.67,41338,996,20
SPD-0020-WEBINA,2023-05-14,2023-05-20,webinar_evento,823.3,649,21,20
SPD-0020-ORGANI,2023-05-14,2023-05-20,organic_search,0.0,0,0,20
SPD-0020-DIRECT,2023-05-14,2023-05-20,direct,0.0,0,0,20
SPD-0021-PAID_S,2023-05-21,2023-05-27,paid_search,4416.1,6125,268,21
SPD-0021-LINKED,2023-05-21,2023-05-27,linkedin_ads,3204.47,6276,98,21
SPD-0021-META_A,2023-05-21,2023-05-27,meta_ads,2175.3,78366,1066,21
SPD-0021-EMAIL_,2023-05-21,2023-05-27,email_marketing,321.14,19268,640,21
SPD-0021-WEBINA,2023-05-21,2023-05-27,webinar_evento,743.94,967,14,21
SPD-0021-ORGANI,2023-05-21,2023-05-27,organic_search,0.0,0,0,21
SPD-0021-DIRECT,2023-05-21,2023-05-27,direct,0.0,0,0,21
SPD-0022-PAID_S,2023-05-28,2023-06-03,paid_search,3818.64,23004,467,22
SPD-0022-LINKED,2023-05-28,2023-06-03,linkedin_ads,3059.99,14995,229,22
SPD-0022-META_A,2023-05-28,2023-06-03,meta_ads,1494.55,6802,302,22
SPD-0022-EMAIL_,2023-05-28,2023-06-03,email_marketing,368.53,17260,718,22
SPD-0022-WEBINA,2023-05-28,2023-06-03,webinar_evento,833.24,1712,46,22
SPD-0022-ORGANI,2023-05-28,2023-06-03,organic_search,0.0,0,0,22
SPD-0022-DIRECT,2023-05-28,2023-06-03,direct,0.0,0,0,22
SPD-0023-PAID_S,2023-06-04,2023-06-10,paid_search,3758.55,15030,374,23
SPD-0023-LINKED,2023-06-04,2023-06-10,linkedin_ads,2570.53,4124,91,23
SPD-0023-META_A,2023-06-04,2023-06-10,meta_ads,1561.61,8572,291,23
SPD-0023-EMAIL_,2023-06-04,2023-06-10,email_marketing,282.86,134992,1562,23
SPD-0023-WEBINA,2023-06-04,2023-06-10,webinar_evento,761.85,3112,43,23
SPD-0023-ORGANI,2023-06-04,2023-06-10,organic_search,0.0,0,0,23
SPD-0023-DIRECT,2023-06-04,2023-06-10,direct,0.0,0,0,23
SPD-0024-PAID_S,2023-06-11,2023-06-17,paid_search,4735.49,8248,305,24
SPD-0024-LINKED,2023-06-11,2023-06-17,linkedin_ads,2898.52,2264,80,24
SPD-0024-META_A,2023-06-11,2023-06-17,meta_ads,2135.29,12823,452,24
SPD-0024-EMAIL_,2023-06-11,2023-06-17,email_marketing,388.56,49930,793,24
SPD-0024-WEBINA,2023-06-11,2023-06-17,webinar_evento,770.27,1931,22,24
SPD-0024-ORGANI,2023-06-11,2023-06-17,organic_search,0.0,0,0,24
SPD-0024-DIRECT,2023-06-11,2023-06-17,direct,0.0,0,0,24
SPD-0025-PAID_S,2023-06-18,2023-06-24,paid_search,3607.16,49037,937,25
SPD-0025-LINKED,2023-06-18,2023-06-24,linkedin_ads,3292.38,7922,134,25
SPD-0025-META_A,2023-06-18,2023-06-24,meta_ads,1776.22,20374,671,25
SPD-0025-EMAIL_,2023-06-18,2023-06-24,email_marketing,365.05,113823,3064,25
SPD-0025-WEBINA,2023-06-18,2023-06-24,webinar_evento,752.41,375,16,25
SPD-0025-ORGANI,2023-06-18,2023-06-24,organic_search,0.0,0,0,25
SPD-0025-DIRECT,2023-06-18,2023-06-24,direct,0.0,0,0,25
SPD-0026-PAID_S,2023-06-25,2023-07-01,paid_search,4834.62,20999,745,26
SPD-0026-LINKED,2023-06-25,2023-07-01,linkedin_ads,3096.24,4316,76,26
SPD-0026-META_A,2023-06-25,2023-07-01,meta_ads,1811.24,89893,800,26
SPD-0026-EMAIL_,2023-06-25,2023-07-01,email_marketing,368.45,53316,916,26
SPD-0026-WEBINA,2023-06-25,2023-07-01,webinar_evento,1052.05,624,28,26
SPD-0026-ORGANI,2023-06-25,2023-07-01,organic_search,0.0,0,0,26
SPD-0026-DIRECT,2023-06-25,2023-07-01,direct,0.0,0,0,26
SPD-0027-PAID_S,2023-07-02,2023-07-08,paid_search,2786.91,4725,173,27
SPD-0027-LINKED,2023-07-02,2023-07-08,linkedin_ads,1400.71,2365,99,27
SPD-0027-META_A,2023-07-02,2023-07-08,meta_ads,948.12,10076,308,27
SPD-0027-EMAIL_,2023-07-02,2023-07-08,email_marketing,183.9,28236,713,27
SPD-0027-WEBINA,2023-07-02,2023-07-08,webinar_evento,523.43,1020,11,27
SPD-0027-ORGANI,2023-07-02,2023-07-08,organic_search,0.0,0,0,27
SPD-0027-DIRECT,2023-07-02,2023-07-08,direct,0.0,0,0,27
SPD-0028-PAID_S,2023-07-09,2023-07-15,paid_search,2483.01,13498,411,28
SPD-0028-LINKED,2023-07-09,2023-07-15,linkedin_ads,1407.55,1987,75,28
SPD-0028-META_A,2023-07-09,2023-07-15,meta_ads,991.11,11544,209,28
SPD-0028-EMAIL_,2023-07-09,2023-07-15,email_marketing,185.82,14780,600,28
SPD-0028-WEBINA,2023-07-09,2023-07-15,webinar_evento,531.47,717,20,28
SPD-0028-ORGANI,2023-07-09,2023-07-15,organic_search,0.0,0,0,28
SPD-0028-DIRECT,2023-07-09,2023-07-15,direct,0.0,0,0,28
SPD-0029-PAID_S,2023-07-16,2023-07-22,paid_search,2380.13,3561,159,29
SPD-0029-LINKED,2023-07-16,2023-07-22,linkedin_ads,1680.49,2996,62,29
SPD-0029-META_A,2023-07-16,2023-07-22,meta_ads,1318.43,25641,374,29
SPD-0029-EMAIL_,2023-07-16,2023-07-22,email_marketing,246.86,13224,319,29
SPD-0029-WEBINA,2023-07-16,2023-07-22,webinar_evento,520.61,284,11,29
SPD-0029-ORGANI,2023-07-16,2023-07-22,organic_search,0.0,0,0,29
SPD-0029-DIRECT,2023-07-16,2023-07-22,direct,0.0,0,0,29
SPD-0030-PAID_S,2023-07-23,2023-07-29,paid_search,2492.76,15664,300,30
SPD-0030-LINKED,2023-07-23,2023-07-29,linkedin_ads,1547.48,2635,97,30
SPD-0030-META_A,2023-07-23,2023-07-29,meta_ads,933.38,7687,299,30
SPD-0030-EMAIL_,2023-07-23,2023-07-29,email_marketing,199.88,15132,652,30
SPD-0030-WEBINA,2023-07-23,2023-07-29,webinar_evento,471.47,776,8,30
SPD-0030-ORGANI,2023-07-23,2023-07-29,organic_search,0.0,0,0,30
SPD-0030-DIRECT,2023-07-23,2023-07-29,direct,0.0,0,0,30
SPD-0031-PAID_S,2023-07-30,2023-08-05,paid_search,4013.26,14614,317,31
SPD-0031-LINKED,2023-07-30,2023-08-05,linkedin_ads,2809.73,5128,149,31
SPD-0031-META_A,2023-07-30,2023-08-05,meta_ads,1577.5,10608,314,31
SPD-0031-EMAIL_,2023-07-30,2023-08-05,email_marketing,343.92,93878,2487,31
SPD-0031-WEBINA,2023-07-30,2023-08-05,webinar_evento,947.28,1058,35,31
SPD-0031-ORGANI,2023-07-30,2023-08-05,organic_search,0.0,0,0,31
SPD-0031-DIRECT,2023-07-30,2023-08-05,direct,0.0,0,0,31
SPD-0032-PAID_S,2023-08-06,2023-08-12,paid_search,3453.28,14990,529,32
SPD-0032-LINKED,2023-08-06,2023-08-12,linkedin_ads,2380.29,3678,118,32
SPD-0032-META_A,2023-08-06,2023-08-12,meta_ads,2016.7,109825,1393,32
SPD-0032-EMAIL_,2023-08-06,2023-08-12,email_marketing,338.95,26543,658,32
SPD-0032-WEBINA,2023-08-06,2023-08-12,webinar_evento,978.13,440,19,32
SPD-0032-ORGANI,2023-08-06,2023-08-12,organic_search,0.0,0,0,32
SPD-0032-DIRECT,2023-08-06,2023-08-12,direct,0.0,0,0,32
SPD-0033-PAID_S,2023-08-13,2023-08-19,paid_search,3907.42,37476,666,33
SPD-0033-LINKED,2023-08-13,2023-08-19,linkedin_ads,2381.34,2358,95,33
SPD-0033-META_A,2023-08-13,2023-08-19,meta_ads,1734.55,33141,906,33
SPD-0033-EMAIL_,2023-08-13,2023-08-19,email_marketing,414.59,48638,1789,33
SPD-0033-WEBINA,2023-08-13,2023-08-19,webinar_evento,1043.27,1002,31,33
SPD-0033-ORGANI,2023-08-13,2023-08-19,organic_search,0.0,0,0,33
SPD-0033-DIRECT,2023-08-13,2023-08-19,direct,0.0,0,0,33
SPD-0034-PAID_S,2023-08-20,2023-08-26,paid_search,4044.59,23268,553,34
SPD-0034-LINKED,2023-08-20,2023-08-26,linkedin_ads,2322.72,1680,65,34
SPD-0034-META_A,2023-08-20,2023-08-26,meta_ads,1705.24,26221,435,34
SPD-0034-EMAIL_,2023-08-20,2023-08-26,email_marketing,294.8,40271,522,34
SPD-0034-WEBINA,2023-08-20,2023-08-26,webinar_evento,1027.98,966,37,34
SPD-0034-ORGANI,2023-08-20,2023-08-26,organic_search,0.0,0,0,34
SPD-0034-DIRECT,2023-08-20,2023-08-26,direct,0.0,0,0,34
SPD-0035-PAID_S,2023-08-27,2023-09-02,paid_search,3938.39,12440,445,35
SPD-0035-LINKED,2023-08-27,2023-09-02,linkedin_ads,2782.74,3775,149,35
SPD-0035-META_A,2023-08-27,2023-09-02,meta_ads,1729.44,43647,1021,35
SPD-0035-EMAIL_,2023-08-27,2023-09-02,email_marketing,356.67,17370,676,35
SPD-0035-WEBINA,2023-08-27,2023-09-02,webinar_evento,939.09,2092,37,35
SPD-0035-ORGANI,2023-08-27,2023-09-02,organic_search,0.0,0,0,35
SPD-0035-DIRECT,2023-08-27,2023-09-02,direct,0.0,0,0,35
SPD-0036-PAID_S,2023-09-03,2023-09-09,paid_search,4017.31,23741,283,36
SPD-0036-LINKED,2023-09-03,2023-09-09,linkedin_ads,3321.96,2805,104,36
SPD-0036-META_A,2023-09-03,2023-09-09,meta_ads,1763.2,19470,811,36
SPD-0036-EMAIL_,2023-09-03,2023-09-09,email_marketing,409.89,27338,975,36
SPD-0036-WEBINA,2023-09-03,2023-09-09,webinar_evento,1233.41,1088,45,36
SPD-0036-ORGANI,2023-09-03,2023-09-09,organic_search,0.0,0,0,36
SPD-0036-DIRECT,2023-09-03,2023-09-09,direct,0.0,0,0,36
SPD-0037-PAID_S,2023-09-10,2023-09-16,paid_search,4032.33,16170,228,37
SPD-0037-LINKED,2023-09-10,2023-09-16,linkedin_ads,2889.06,5034,190,37
SPD-0037-META_A,2023-09-10,2023-09-16,meta_ads,2536.25,48185,966,37
SPD-0037-EMAIL_,2023-09-10,2023-09-16,email_marketing,363.16,46909,1742,37
SPD-0037-WEBINA,2023-09-10,2023-09-16,webinar_evento,875.69,330,14,37
SPD-0037-ORGANI,2023-09-10,2023-09-16,organic_search,0.0,0,0,37
SPD-0037-DIRECT,2023-09-10,2023-09-16,direct,0.0,0,0,37
SPD-0038-PAID_S,2023-09-17,2023-09-23,paid_search,4050.96,8092,362,38
SPD-0038-LINKED,2023-09-17,2023-09-23,linkedin_ads,3636.6,11550,102,38
SPD-0038-META_A,2023-09-17,2023-09-23,meta_ads,1757.88,15960,350,38
SPD-0038-EMAIL_,2023-09-17,2023-09-23,email_marketing,425.22,29126,688,38
SPD-0038-WEBINA,2023-09-17,2023-09-23,webinar_evento,910.81,696,28,38
SPD-0038-ORGANI,2023-09-17,2023-09-23,organic_search,0.0,0,0,38
SPD-0038-DIRECT,2023-09-17,2023-09-23,direct,0.0,0,0,38
SPD-0039-PAID_S,2023-09-24,2023-09-30,paid_search,4457.6,23247,1011,39
SPD-0039-LINKED,2023-09-24,2023-09-30,linkedin_ads,3417.4,2947,114,39
SPD-0039-META_A,2023-09-24,2023-09-30,meta_ads,2049.21,8683,345,39
SPD-0039-EMAIL_,2023-09-24,2023-09-30,email_marketing,363.41,55486,1010,39
SPD-0039-WEBINA,2023-09-24,2023-09-30,webinar_evento,1130.07,914,25,39
SPD-0039-ORGANI,2023-09-24,2023-09-30,organic_search,0.0,0,0,39
SPD-0039-DIRECT,2023-09-24,2023-09-30,direct,0.0,0,0,39
SPD-0040-PAID_S,2023-10-01,2023-10-07,paid_search,4931.65,12865,476,40
SPD-0040-LINKED,2023-10-01,2023-10-07,linkedin_ads,2946.62,10567,101,40
SPD-0040-META_A,2023-10-01,2023-10-07,meta_ads,1963.97,36290,458,40
SPD-0040-EMAIL_,2023-10-01,2023-10-07,email_marketing,387.42,45364,907,40
SPD-0040-WEBINA,2023-10-01,2023-10-07,webinar_evento,1043.5,1096,34,40
SPD-0040-ORGANI,2023-10-01,2023-10-07,organic_search,0.0,0,0,40
SPD-0040-DIRECT,2023-10-01,2023-10-07,direct,0.0,0,0,40
SPD-0041-PAID_S,2023-10-08,2023-10-14,paid_search,4353.11,43138,1020,41
SPD-0041-LINKED,2023-10-08,2023-10-14,linkedin_ads,2464.05,4095,132,41
SPD-0041-META_A,2023-10-08,2023-10-14,meta_ads,1486.49,11224,254,41
SPD-0041-EMAIL_,2023-10-08,2023-10-14,email_marketing,318.54,16457,428,41
SPD-0041-WEBINA,2023-10-08,2023-10-14,webinar_evento,966.03,496,20,41
SPD-0041-ORGANI,2023-10-08,2023-10-14,organic_search,0.0,0,0,41
SPD-0041-DIRECT,2023-10-08,2023-10-14,direct,0.0,0,0,41
SPD-0042-PAID_S,2023-10-15,2023-10-21,paid_search,3541.37,16887,756,42
SPD-0042-LINKED,2023-10-15,2023-10-21,linkedin_ads,2226.94,2025,62,42
SPD-0042-META_A,2023-10-15,2023-10-21,meta_ads,1886.41,8474,379,42
SPD-0042-EMAIL_,2023-10-15,2023-10-21,email_marketing,283.63,15468,534,42
SPD-0042-WEBINA,2023-10-15,2023-10-21,webinar_evento,852.08,602,15,42
SPD-0042-ORGANI,2023-10-15,2023-10-21,organic_search,0.0,0,0,42
SPD-0042-DIRECT,2023-10-15,2023-10-21,direct,0.0,0,0,42
SPD-0043-PAID_S,2023-10-22,2023-10-28,paid_search,3599.13,5269,226,43
SPD-0043-LINKED,2023-10-22,2023-10-28,linkedin_ads,2327.41,3948,63,43
SPD-0043-META_A,2023-10-22,2023-10-28,meta_ads,1483.03,15265,605,43
SPD-0043-EMAIL_,2023-10-22,2023-10-28,email_marketing,296.7,43825,1549,43
SPD-0043-WEBINA,2023-10-22,2023-10-28,webinar_evento,889.19,2483,41,43
SPD-0043-ORGANI,2023-10-22,2023-10-28,organic_search,0.0,0,0,43
SPD-0043-DIRECT,2023-10-22,2023-10-28,direct,0.0,0,0,43
SPD-0044-PAID_S,2023-10-29,2023-11-04,paid_search,4646.91,10233,370,44
SPD-0044-LINKED,2023-10-29,2023-11-04,linkedin_ads,2325.48,2267,85,44
SPD-0044-META_A,2023-10-29,2023-11-04,meta_ads,1674.49,37602,832,44
SPD-0044-EMAIL_,2023-10-29,2023-11-04,email_marketing,323.33,32474,1406,44
SPD-0044-WEBINA,2023-10-29,2023-11-04,webinar_evento,917.54,1682,21,44
SPD-0044-ORGANI,2023-10-29,2023-11-04,organic_search,0.0,0,0,44
SPD-0044-DIRECT,2023-10-29,2023-11-04,direct,0.0,0,0,44
SPD-0045-PAID_S,2023-11-05,2023-11-11,paid_search,4340.01,8827,375,45
SPD-0045-LINKED,2023-11-05,2023-11-11,linkedin_ads,2674.16,3635,70,45
SPD-0045-META_A,2023-11-05,2023-11-11,meta_ads,1905.91,10826,337,45
SPD-0045-EMAIL_,2023-11-05,2023-11-11,email_marketing,375.68,12452,526,45
SPD-0045-WEBINA,2023-11-05,2023-11-11,webinar_evento,815.99,1198,34,45
SPD-0045-ORGANI,2023-11-05,2023-11-11,organic_search,0.0,0,0,45
SPD-0045-DIRECT,2023-11-05,2023-11-11,direct,0.0,0,0,45
SPD-0046-PAID_S,2023-11-12,2023-11-18,paid_search,4981.0,23167,469,46
SPD-0046-LINKED,2023-11-12,2023-11-18,linkedin_ads,2812.67,13670,199,46
SPD-0046-META_A,2023-11-12,2023-11-18,meta_ads,1588.12,34272,1190,46
SPD-0046-EMAIL_,2023-11-12,2023-11-18,email_marketing,322.24,54836,1478,46
SPD-0046-WEBINA,2023-11-12,2023-11-18,webinar_evento,858.55,1321,26,46
SPD-0046-ORGANI,2023-11-12,2023-11-18,organic_search,0.0,0,0,46
SPD-0046-DIRECT,2023-11-12,2023-11-18,direct,0.0,0,0,46
SPD-0047-PAID_S,2023-11-19,2023-11-25,paid_search,4831.78,29597,358,47
SPD-0047-LINKED,2023-11-19,2023-11-25,linkedin_ads,3567.03,9624,195,47
SPD-0047-META_A,2023-11-19,2023-11-25,meta_ads,2314.85,47468,807,47
SPD-0047-EMAIL_,2023-11-19,2023-11-25,email_marketing,414.15,30197,583,47
SPD-0047-WEBINA,2023-11-19,2023-11-25,webinar_evento,1122.65,2308,29,47
SPD-0047-ORGANI,2023-11-19,2023-11-25,organic_search,0.0,0,0,47
SPD-0047-DIRECT,2023-11-19,2023-11-25,direct,0.0,0,0,47
SPD-0048-PAID_S,2023-11-26,2023-12-02,paid_search,4611.15,41640,1049,48
SPD-0048-LINKED,2023-11-26,2023-12-02,linkedin_ads,3263.36,12232,189,48
SPD-0048-META_A,2023-11-26,2023-12-02,meta_ads,1921.82,14589,325,48
SPD-0048-EMAIL_,2023-11-26,2023-12-02,email_marketing,367.02,55969,1776,48
SPD-0048-WEBINA,2023-11-26,2023-12-02,webinar_evento,832.39,1684,19,48
SPD-0048-ORGANI,2023-11-26,2023-12-02,organic_search,0.0,0,0,48
SPD-0048-DIRECT,2023-11-26,2023-12-02,direct,0.0,0,0,48
SPD-0049-PAID_S,2023-12-03,2023-12-09,paid_search,4198.56,18180,604,49
SPD-0049-LINKED,2023-12-03,2023-12-09,linkedin_ads,3045.92,1699,76,49
SPD-0049-META_A,2023-12-03,2023-12-09,meta_ads,1817.54,47341,411,49
SPD-0049-EMAIL_,2023-12-03,2023-12-09,email_marketing,402.55,32132,758,49
SPD-0049-WEBINA,2023-12-03,2023-12-09,webinar_evento,899.52,463,18,49
SPD-0049-ORGANI,2023-12-03,2023-12-09,organic_search,0.0,0,0,49
SPD-0049-DIRECT,2023-12-03,2023-12-09,direct,0.0,0,0,49
SPD-0050-PAID_S,2023-12-10,2023-12-16,paid_search,4669.03,19694,428,50
SPD-0050-LINKED,2023-12-10,2023-12-16,linkedin_ads,3265.26,3521,99,50
SPD-0050-META_A,2023-12-10,2023-12-16,meta_ads,1920.24,13203,454,50
SPD-0050-EMAIL_,2023-12-10,2023-12-16,email_marketing,353.79,12459,496,50
SPD-0050-WEBINA,2023-12-10,2023-12-16,webinar_evento,902.45,1329,39,50
SPD-0050-ORGANI,2023-12-10,2023-12-16,organic_search,0.0,0,0,50
SPD-0050-DIRECT,2023-12-10,2023-12-16,direct,0.0,0,0,50
SPD-0051-PAID_S,2023-12-17,2023-12-23,paid_search,1307.34,2857,117,51
SPD-0051-LINKED,2023-12-17,2023-12-23,linkedin_ads,696.06,799,32,51
SPD-0051-META_A,2023-12-17,2023-12-23,meta_ads,651.69,13220,200,51
SPD-0051-EMAIL_,2023-12-17,2023-12-23,email_marketing,100.61,8778,239,51
SPD-0051-WEBINA,2023-12-17,2023-12-23,webinar_evento,252.12,248,8,51
SPD-0051-ORGANI,2023-12-17,2023-12-23,organic_search,0.0,0,0,51
SPD-0051-DIRECT,2023-12-17,2023-12-23,direct,0.0,0,0,51
SPD-0052-PAID_S,2023-12-24,2023-12-30,paid_search,1307.87,4508,99,52
SPD-0052-LINKED,2023-12-24,2023-12-30,linkedin_ads,777.02,740,32,52
SPD-0052-META_A,2023-12-24,2023-12-30,meta_ads,531.05,4717,129,52
SPD-0052-EMAIL_,2023-12-24,2023-12-30,email_marketing,119.57,13838,333,52
SPD-0052-WEBINA,2023-12-24,2023-12-30,webinar_evento,315.14,466,14,52
SPD-0052-ORGANI,2023-12-24,2023-12-30,organic_search,0.0,0,0,52
SPD-0052-DIRECT,2023-12-24,2023-12-30,direct,0.0,0,0,52
SPD-0053-PAID_S,2023-12-31,2024-01-06,paid_search,1197.18,1931,67,53
SPD-0053-LINKED,2023-12-31,2024-01-06,linkedin_ads,668.64,470,16,53
SPD-0053-META_A,2023-12-31,2024-01-06,meta_ads,567.79,17967,243,53
SPD-0053-EMAIL_,2023-12-31,2024-01-06,email_marketing,109.26,6695,267,53
SPD-0053-WEBINA,2023-12-31,2024-01-06,webinar_evento,250.79,290,5,53
SPD-0053-ORGANI,2023-12-31,2024-01-06,organic_search,0.0,0,0,53
SPD-0053-DIRECT,2023-12-31,2024-01-06,direct,0.0,0,0,53
SPD-0054-PAID_S,2024-01-07,2024-01-13,paid_search,1315.11,13915,313,54
SPD-0054-LINKED,2024-01-07,2024-01-13,linkedin_ads,722.56,1115,22,54
SPD-0054-META_A,2024-01-07,2024-01-13,meta_ads,614.47,12281,351,54
SPD-0054-EMAIL_,2024-01-07,2024-01-13,email_marketing,107.82,99984,933,54
SPD-0054-WEBINA,2024-01-07,2024-01-13,webinar_evento,255.88,137,6,54
SPD-0054-ORGANI,2024-01-07,2024-01-13,organic_search,0.0,0,0,54
SPD-0054-DIRECT,2024-01-07,2024-01-13,direct,0.0,0,0,54
SPD-0055-PAID_S,2024-01-14,2024-01-20,paid_search,3476.59,7522,253,55
SPD-0055-LINKED,2024-01-14,2024-01-20,linkedin_ads,2959.23,2307,101,55
SPD-0055-META_A,2024-01-14,2024-01-20,meta_ads,1848.89,19928,353,55
SPD-0055-EMAIL_,2024-01-14,2024-01-20,email_marketing,388.86,11686,487,55
SPD-0055-WEBINA,2024-01-14,2024-01-20,webinar_evento,851.39,1388,16,55
SPD-0055-ORGANI,2024-01-14,2024-01-20,organic_search,0.0,0,0,55
SPD-0055-DIRECT,2024-01-14,2024-01-20,direct,0.0,0,0,55
SPD-0056-PAID_S,2024-01-21,2024-01-27,paid_search,4452.54,16249,526,56
SPD-0056-LINKED,2024-01-21,2024-01-27,linkedin_ads,2674.09,13106,217,56
SPD-0056-META_A,2024-01-21,2024-01-27,meta_ads,1509.38,11872,464,56
SPD-0056-EMAIL_,2024-01-21,2024-01-27,email_marketing,379.4,15343,581,56
SPD-0056-WEBINA,2024-01-21,2024-01-27,webinar_evento,876.47,857,23,56
SPD-0056-ORGANI,2024-01-21,2024-01-27,organic_search,0.0,0,0,56
SPD-0056-DIRECT,2024-01-21,2024-01-27,direct,0.0,0,0,56
SPD-0057-PAID_S,2024-01-28,2024-02-03,paid_search,3513.88,8312,288,57
SPD-0057-LINKED,2024-01-28,2024-02-03,linkedin_ads,2894.38,6371,79,57
SPD-0057-META_A,2024-01-28,2024-02-03,meta_ads,2040.76,22946,928,57
SPD-0057-EMAIL_,2024-01-28,2024-02-03,email_marketing,311.08,26893,700,57
SPD-0057-WEBINA,2024-01-28,2024-02-03,webinar_evento,838.37,1748,26,57
SPD-0057-ORGANI,2024-01-28,2024-02-03,organic_search,0.0,0,0,57
SPD-0057-DIRECT,2024-01-28,2024-02-03,direct,0.0,0,0,57
SPD-0058-PAID_S,2024-02-04,2024-02-10,paid_search,1495.76,4514,89,58
SPD-0058-LINKED,2024-02-04,2024-02-10,linkedin_ads,973.11,969,24,58
SPD-0058-META_A,2024-02-04,2024-02-10,meta_ads,732.34,9016,219,58
SPD-0058-EMAIL_,2024-02-04,2024-02-10,email_marketing,104.62,18220,558,58
SPD-0058-WEBINA,2024-02-04,2024-02-10,webinar_evento,365.66,407,17,58
SPD-0058-ORGANI,2024-02-04,2024-02-10,organic_search,0.0,0,0,58
SPD-0058-DIRECT,2024-02-04,2024-02-10,direct,0.0,0,0,58
SPD-0059-PAID_S,2024-02-11,2024-02-17,paid_search,1372.84,3455,142,59
SPD-0059-LINKED,2024-02-11,2024-02-17,linkedin_ads,1123.74,2083,38,59
SPD-0059-META_A,2024-02-11,2024-02-17,meta_ads,561.79,6073,224,59
SPD-0059-EMAIL_,2024-02-11,2024-02-17,email_marketing,112.74,12612,192,59
SPD-0059-WEBINA,2024-02-11,2024-02-17,webinar_evento,320.55,375,10,59
SPD-0059-ORGANI,2024-02-11,2024-02-17,organic_search,0.0,0,0,59
SPD-0059-DIRECT,2024-02-11,2024-02-17,direct,0.0,0,0,59
SPD-0060-PAID_S,2024-02-18,2024-02-24,paid_search,4273.35,5787,239,60
SPD-0060-LINKED,2024-02-18,2024-02-24,linkedin_ads,2988.49,4166,175,60
SPD-0060-META_A,2024-02-18,2024-02-24,meta_ads,2137.71,15200,391,60
SPD-0060-EMAIL_,2024-02-18,2024-02-24,email_marketing,300.79,21363,478,60
SPD-0060-WEBINA,2024-02-18,2024-02-24,webinar_evento,866.35,906,26,60
SPD-0060-ORGANI,2024-02-18,2024-02-24,organic_search,0.0,0,0,60
SPD-0060-DIRECT,2024-02-18,2024-02-24,direct,0.0,0,0,60
SPD-0061-PAID_S,2024-02-25,2024-03-02,paid_search,3880.22,8978,287,61
SPD-0061-LINKED,2024-02-25,2024-03-02,linkedin_ads,2781.19,4712,201,61
SPD-0061-META_A,2024-02-25,2024-03-02,meta_ads,1782.32,21308,530,61
SPD-0061-EMAIL_,2024-02-25,2024-03-02,email_marketing,327.72,67175,572,61
SPD-0061-WEBINA,2024-02-25,2024-03-02,webinar_evento,1061.8,1200,54,61
SPD-0061-ORGANI,2024-02-25,2024-03-02,organic_search,0.0,0,0,61
SPD-0061-DIRECT,2024-02-25,2024-03-02,direct,0.0,0,0,61
SPD-0062-PAID_S,2024-03-03,2024-03-09,paid_search,5025.53,39083,1126,62
SPD-0062-LINKED,2024-03-03,2024-03-09,linkedin_ads,2972.01,1891,68,62
SPD-0062-META_A,2024-03-03,2024-03-09,meta_ads,2130.67,14538,652,62
SPD-0062-EMAIL_,2024-03-03,2024-03-09,email_marketing,425.06,40661,924,62
SPD-0062-WEBINA,2024-03-03,2024-03-09,webinar_evento,987.81,705,21,62
SPD-0062-ORGANI,2024-03-03,2024-03-09,organic_search,0.0,0,0,62
SPD-0062-DIRECT,2024-03-03,2024-03-09,direct,0.0,0,0,62
SPD-0063-PAID_S,2024-03-10,2024-03-16,paid_search,5446.41,15974,472,63
SPD-0063-LINKED,2024-03-10,2024-03-16,linkedin_ads,3158.2,3596,84,63
SPD-0063-META_A,2024-03-10,2024-03-16,meta_ads,2423.82,26020,875,63
SPD-0063-EMAIL_,2024-03-10,2024-03-16,email_marketing,461.0,34918,722,63
SPD-0063-WEBINA,2024-03-10,2024-03-16,webinar_evento,1150.04,4629,47,63
SPD-0063-ORGANI,2024-03-10,2024-03-16,organic_search,0.0,0,0,63
SPD-0063-DIRECT,2024-03-10,2024-03-16,direct,0.0,0,0,63
SPD-0064-PAID_S,2024-03-17,2024-03-23,paid_search,5337.79,39554,350,64
SPD-0064-LINKED,2024-03-17,2024-03-23,linkedin_ads,3757.93,3373,140,64
SPD-0064-META_A,2024-03-17,2024-03-23,meta_ads,2369.63,11046,429,64
SPD-0064-EMAIL_,2024-03-17,2024-03-23,email_marketing,473.92,53447,877,64
SPD-0064-WEBINA,2024-03-17,2024-03-23,webinar_evento,1015.43,1448,20,64
SPD-0064-ORGANI,2024-03-17,2024-03-23,organic_search,0.0,0,0,64
SPD-0064-DIRECT,2024-03-17,2024-03-23,direct,0.0,0,0,64
SPD-0065-PAID_S,2024-03-24,2024-03-30,paid_search,5602.56,21405,865,65
SPD-0065-LINKED,2024-03-24,2024-03-30,linkedin_ads,3166.32,1817,79,65
SPD-0065-META_A,2024-03-24,2024-03-30,meta_ads,2058.55,27641,453,65
SPD-0065-EMAIL_,2024-03-24,2024-03-30,email_marketing,446.31,34981,662,65
SPD-0065-WEBINA,2024-03-24,2024-03-30,webinar_evento,860.14,1749,25,65
SPD-0065-ORGANI,2024-03-24,2024-03-30,organic_search,0.0,0,0,65
SPD-0065-DIRECT,2024-03-24,2024-03-30,direct,0.0,0,0,65
SPD-0066-PAID_S,2024-03-31,2024-04-06,paid_search,4686.74,14982,643,66
SPD-0066-LINKED,2024-03-31,2024-04-06,linkedin_ads,3294.38,2584,78,66
SPD-0066-META_A,2024-03-31,2024-04-06,meta_ads,1675.7,9717,330,66
SPD-0066-EMAIL_,2024-03-31,2024-04-06,email_marketing,412.54,111357,1133,66
SPD-0066-WEBINA,2024-03-31,2024-04-06,webinar_evento,1107.95,1296,21,66
SPD-0066-ORGANI,2024-03-31,2024-04-06,organic_search,0.0,0,0,66
SPD-0066-DIRECT,2024-03-31,2024-04-06,direct,0.0,0,0,66
SPD-0067-PAID_S,2024-04-07,2024-04-13,paid_search,4532.22,45078,1291,67
SPD-0067-LINKED,2024-04-07,2024-04-13,linkedin_ads,2619.31,6218,106,67
SPD-0067-META_A,2024-04-07,2024-04-13,meta_ads,1681.18,28926,497,67
SPD-0067-EMAIL_,2024-04-07,2024-04-13,email_marketing,341.77,19731,677,67
SPD-0067-WEBINA,2024-04-07,2024-04-13,webinar_evento,989.25,4021,38,67
SPD-0067-ORGANI,2024-04-07,2024-04-13,organic_search,0.0,0,0,67
SPD-0067-DIRECT,2024-04-07,2024-04-13,direct,0.0,0,0,67
SPD-0068-PAID_S,2024-04-14,2024-04-20,paid_search,4710.23,6580,291,68
SPD-0068-LINKED,2024-04-14,2024-04-20,linkedin_ads,3280.97,2409,99,68
SPD-0068-META_A,2024-04-14,2024-04-20,meta_ads,1809.15,8374,363,68
SPD-0068-EMAIL_,2024-04-14,2024-04-20,email_marketing,387.48,45046,990,68
SPD-0068-WEBINA,2024-04-14,2024-04-20,webinar_evento,846.76,677,26,68
SPD-0068-ORGANI,2024-04-14,2024-04-20,organic_search,0.0,0,0,68
SPD-0068-DIRECT,2024-04-14,2024-04-20,direct,0.0,0,0,68
SPD-0069-PAID_S,2024-04-21,2024-04-27,paid_search,4492.1,18353,630,69
SPD-0069-LINKED,2024-04-21,2024-04-27,linkedin_ads,2637.67,3962,86,69
SPD-0069-META_A,2024-04-21,2024-04-27,meta_ads,1863.56,11297,396,69
SPD-0069-EMAIL_,2024-04-21,2024-04-27,email_marketing,381.5,30403,1020,69
SPD-0069-WEBINA,2024-04-21,2024-04-27,webinar_evento,827.24,743,22,69
SPD-0069-ORGANI,2024-04-21,2024-04-27,organic_search,0.0,0,0,69
SPD-0069-DIRECT,2024-04-21,2024-04-27,direct,0.0,0,0,69
SPD-0070-PAID_S,2024-04-28,2024-05-04,paid_search,4467.13,13851,267,70
SPD-0070-LINKED,2024-04-28,2024-05-04,linkedin_ads,3154.13,4961,141,70
SPD-0070-META_A,2024-04-28,2024-05-04,meta_ads,2090.05,11195,447,70
SPD-0070-EMAIL_,2024-04-28,2024-05-04,email_marketing,390.05,29705,1329,70
SPD-0070-WEBINA,2024-04-28,2024-05-04,webinar_evento,1085.27,3180,31,70
SPD-0070-ORGANI,2024-04-28,2024-05-04,organic_search,0.0,0,0,70
SPD-0070-DIRECT,2024-04-28,2024-05-04,direct,0.0,0,0,70
SPD-0071-PAID_S,2024-05-05,2024-05-11,paid_search,3830.29,5673,245,71
SPD-0071-LINKED,2024-05-05,2024-05-11,linkedin_ads,3139.04,12386,125,71
SPD-0071-META_A,2024-05-05,2024-05-11,meta_ads,1860.57,49243,618,71
SPD-0071-EMAIL_,2024-05-05,2024-05-11,email_marketing,291.8,90166,1408,71
SPD-0071-WEBINA,2024-05-05,2024-05-11,webinar_evento,1017.57,1282,31,71
SPD-0071-ORGANI,2024-05-05,2024-05-11,organic_search,0.0,0,0,71
SPD-0071-DIRECT,2024-05-05,2024-05-11,direct,0.0,0,0,71
SPD-0072-PAID_S,2024-05-12,2024-05-18,paid_search,4320.63,6863,247,72
SPD-0072-LINKED,2024-05-12,2024-05-18,linkedin_ads,2932.89,2311,80,72
SPD-0072-META_A,2024-05-12,2024-05-18,meta_ads,1988.17,19121,554,72
SPD-0072-EMAIL_,2024-05-12,2024-05-18,email_marketing,341.08,50226,905,72
SPD-0072-WEBINA,2024-05-12,2024-05-18,webinar_evento,870.29,849,25,72
SPD-0072-ORGANI,2024-05-12,2024-05-18,organic_search,0.0,0,0,72
SPD-0072-DIRECT,2024-05-12,2024-05-18,direct,0.0,0,0,72
SPD-0073-PAID_S,2024-05-19,2024-05-25,paid_search,4156.84,39846,820,73
SPD-0073-LINKED,2024-05-19,2024-05-25,linkedin_ads,2634.12,3642,74,73
SPD-0073-META_A,2024-05-19,2024-05-25,meta_ads,1483.94,35014,924,73
SPD-0073-EMAIL_,2024-05-19,2024-05-25,email_marketing,303.26,23217,679,73
SPD-0073-WEBINA,2024-05-19,2024-05-25,webinar_evento,1083.95,2623,24,73
SPD-0073-ORGANI,2024-05-19,2024-05-25,organic_search,0.0,0,0,73
SPD-0073-DIRECT,2024-05-19,2024-05-25,direct,0.0,0,0,73
SPD-0074-PAID_S,2024-05-26,2024-06-01,paid_search,3958.72,14908,263,74
SPD-0074-LINKED,2024-05-26,2024-06-01,linkedin_ads,3242.46,9631,110,74
SPD-0074-META_A,2024-05-26,2024-06-01,meta_ads,1656.66,6669,298,74
SPD-0074-EMAIL_,2024-05-26,2024-06-01,email_marketing,396.72,33528,1222,74
SPD-0074-WEBINA,2024-05-26,2024-06-01,webinar_evento,821.15,739,25,74
SPD-0074-ORGANI,2024-05-26,2024-06-01,organic_search,0.0,0,0,74
SPD-0074-DIRECT,2024-05-26,2024-06-01,direct,0.0,0,0,74
SPD-0075-PAID_S,2024-06-02,2024-06-08,paid_search,4936.74,18978,500,75
SPD-0075-LINKED,2024-06-02,2024-06-08,linkedin_ads,2461.16,9388,97,75
SPD-0075-META_A,2024-06-02,2024-06-08,meta_ads,2112.58,48362,1610,75
SPD-0075-EMAIL_,2024-06-02,2024-06-08,email_marketing,315.0,39472,727,75
SPD-0075-WEBINA,2024-06-02,2024-06-08,webinar_evento,886.86,693,22,75
SPD-0075-ORGANI,2024-06-02,2024-06-08,organic_search,0.0,0,0,75
SPD-0075-DIRECT,2024-06-02,2024-06-08,direct,0.0,0,0,75
SPD-0076-PAID_S,2024-06-09,2024-06-15,paid_search,4889.16,19804,587,76
SPD-0076-LINKED,2024-06-09,2024-06-15,linkedin_ads,3216.69,3724,149,76
SPD-0076-META_A,2024-06-09,2024-06-15,meta_ads,2185.72,14234,414,76
SPD-0076-EMAIL_,2024-06-09,2024-06-15,email_marketing,377.2,28672,863,76
SPD-0076-WEBINA,2024-06-09,2024-06-15,webinar_evento,1099.11,1098,41,76
SPD-0076-ORGANI,2024-06-09,2024-06-15,organic_search,0.0,0,0,76
SPD-0076-DIRECT,2024-06-09,2024-06-15,direct,0.0,0,0,76
SPD-0077-PAID_S,2024-06-16,2024-06-22,paid_search,4167.41,21596,687,77
SPD-0077-LINKED,2024-06-16,2024-06-22,linkedin_ads,3095.53,2565,100,77
SPD-0077-META_A,2024-06-16,2024-06-22,meta_ads,1748.45,9784,313,77
SPD-0077-EMAIL_,2024-06-16,2024-06-22,email_marketing,388.43,54433,1334,77
SPD-0077-WEBINA,2024-06-16,2024-06-22,webinar_evento,1075.15,2701,62,77
SPD-0077-ORGANI,2024-06-16,2024-06-22,organic_search,0.0,0,0,77
SPD-0077-DIRECT,2024-06-16,2024-06-22,direct,0.0,0,0,77
SPD-0078-PAID_S,2024-06-23,2024-06-29,paid_search,4623.16,8175,323,78
SPD-0078-LINKED,2024-06-23,2024-06-29,linkedin_ads,3036.74,2647,70,78
SPD-0078-META_A,2024-06-23,2024-06-29,meta_ads,1939.43,10835,368,78
SPD-0078-EMAIL_,2024-06-23,2024-06-29,email_marketing,291.28,28686,816,78
SPD-0078-WEBINA,2024-06-23,2024-06-29,webinar_evento,1017.91,679,25,78
SPD-0078-ORGANI,2024-06-23,2024-06-29,organic_search,0.0,0,0,78
SPD-0078-DIRECT,2024-06-23,2024-06-29,direct,0.0,0,0,78
SPD-0079-PAID_S,2024-06-30,2024-07-06,paid_search,2831.06,12501,385,79
SPD-0079-LINKED,2024-06-30,2024-07-06,linkedin_ads,1700.8,3330,87,79
SPD-0079-META_A,2024-06-30,2024-07-06,meta_ads,1130.08,8780,220,79
SPD-0079-EMAIL_,2024-06-30,2024-07-06,email_marketing,173.01,10050,392,79
SPD-0079-WEBINA,2024-06-30,2024-07-06,webinar_evento,570.07,451,19,79
SPD-0079-ORGANI,2024-06-30,2024-07-06,organic_search,0.0,0,0,79
SPD-0079-DIRECT,2024-06-30,2024-07-06,direct,0.0,0,0,79
